{
  "image_width": 1920,
  "image_height": 1080,
  "K": [
    [
      1739.237279181759,
      0.0,
      947.5335576199107
    ],
    [
      0.0,
      2244.705015334057,
      564.6946579168148
    ],
    [
      0.0,
      0.0,
      1.0
    ]
  ],
  "D": [
    -0.37062084436192333,
    0.05057465862770827,
    0.033198096980616335,
    0.012812747166936252
  ],
  "balance": 0.0,
  "model": "opencv_fisheye_k1k2k3k4"
}